<?xml version="1.0" encoding="UTF-8"?>
<!DOCTYPE mapper PUBLIC "-//mybatis.org//DTD Mapper 3.0//EN" "http://mybatis.org/dtd/mybatis-3-mapper.dtd">
<mapper namespace="com.focus.easymail.dao.UserMailsDao">

    <resultMap type="com.focus.easymail.entity.UserMails" id="UserMailsMap">
        <result property="id" column="id" jdbcType="INTEGER"/>
        <result property="userId" column="user_id" jdbcType="INTEGER"/>
        <result property="eimail" column="eimail" jdbcType="VARCHAR"/>
        <result property="createTime" column="create_time" jdbcType="TIMESTAMP"/>
        <result property="status" column="status" jdbcType="INTEGER"/>
        <result property="isReceiveMail" column="is_receive_mail" jdbcType="INTEGER"/>
        <result property="mailHost" column="mail_host" jdbcType="VARCHAR"/>
        <result property="mailPassword" column="mail_password" jdbcType="VARCHAR"/>
        <result property="mailPort" column="mail_port" jdbcType="VARCHAR"/>
        <result property="mailProtocol" column="mail_protocol" jdbcType="VARCHAR"/>
    </resultMap>

    <!--查询单个-->
    <select id="queryById" resultMap="UserMailsMap">
        select
        id, user_id, eimail, create_time, status, is_receive_mail, mail_host, mail_password, mail_port, mail_protocol
        from mail.user_mails
        where id = #{id}
    </select>

    <!--查询指定行数据-->
    <select id="queryAllByLimit" resultMap="UserMailsMap">
        select
        id, user_id, eimail, create_time, status, is_receive_mail, mail_host, mail_password, mail_port, mail_protocol
        from mail.user_mails
        limit #{offset}, #{limit}
    </select>

    <!--通过实体作为筛选条件查询-->
    <select id="queryAll" resultMap="UserMailsMap">
        select
        id, user_id, eimail, create_time, status, is_receive_mail, mail_host, mail_password, mail_port, mail_protocol
        from mail.user_mails
        <where>
            <if test="id != null">
                and id = #{id}
            </if>
            <if test="userId != null">
                and user_id = #{userId}
            </if>
            <if test="eimail != null and eimail != ''">
                and eimail = #{eimail}
            </if>
            <if test="createTime != null">
                and create_time = #{createTime}
            </if>
            <if test="status != null">
                and status = #{status}
            </if>
            <if test="isReceiveMail != null">
                and is_receive_mail = #{isReceiveMail}
            </if>
            <if test="mailHost != null and mailHost != ''">
                and mail_host = #{mailHost}
            </if>
            <if test="mailPassword != null and mailPassword != ''">
                and mail_password = #{mailPassword}
            </if>
            <if test="mailPort != null and mailPort != ''">
                and mail_port = #{mailPort}
            </if>
            <if test="mailProtocol != null and mailProtocol != ''">
                and mail_protocol = #{mailProtocol}
            </if>
        </where>
    </select>

    <!--新增所有列-->
    <insert id="insert" keyProperty="id" useGeneratedKeys="true">
        insert into mail.user_mails(user_id, eimail, create_time, status, is_receive_mail, mail_host, mail_password,
        mail_port, mail_protocol)
        values (#{userId}, #{eimail}, #{createTime}, #{status}, #{isReceiveMail}, #{mailHost}, #{mailPassword},
        #{mailPort}, #{mailProtocol})
    </insert>

    <!--通过主键修改数据-->
    <update id="update">
        update mail.user_mails
        <set>
            <if test="userId != null">
                user_id = #{userId},
            </if>
            <if test="eimail != null and eimail != ''">
                eimail = #{eimail},
            </if>
            <if test="createTime != null">
                create_time = #{createTime},
            </if>
            <if test="status != null">
                status = #{status},
            </if>
            <if test="isReceiveMail != null">
                is_receive_mail = #{isReceiveMail},
            </if>
            <if test="mailHost != null and mailHost != ''">
                mail_host = #{mailHost},
            </if>
            <if test="mailPassword != null and mailPassword != ''">
                mail_password = #{mailPassword},
            </if>
            <if test="mailPort != null and mailPort != ''">
                mail_port = #{mailPort},
            </if>
            <if test="mailProtocol != null and mailProtocol != ''">
                mail_protocol = #{mailProtocol},
            </if>
        </set>
        where id = #{id}
    </update>

    <!--通过主键删除-->
    <delete id="deleteById">
        delete from mail.user_mails where id = #{id}
    </delete>

</mapper>