<?xml version="1.0" encoding="UTF-8"?>
<!DOCTYPE mapper PUBLIC "-//mybatis.org//DTD Mapper 3.0//EN" "http://mybatis.org/dtd/mybatis-3-mapper.dtd">
<mapper namespace="com.focus.easymail.dao.UserDao">

    <resultMap type="com.focus.easymail.entity.User" id="UserMap">
        <result property="id" column="id" jdbcType="INTEGER"/>
        <result property="username" column="username" jdbcType="VARCHAR"/>
        <result property="password" column="password" jdbcType="VARCHAR"/>
        <result property="name" column="name" jdbcType="VARCHAR"/>
        <result property="employno" column="employNo" jdbcType="VARCHAR"/>
        <result property="status" column="status" jdbcType="INTEGER"/>
        <result property="createtime" column="createTime" jdbcType="TIMESTAMP"/>
        <result property="updatetime" column="updateTime" jdbcType="TIMESTAMP"/>
    </resultMap>

    <!--查询单个-->
    <select id="queryById" resultMap="UserMap">
        select
        id, username, password, name, employNo, status, createTime, updateTime
        from mail.user
        where id = #{id}
    </select>

    <!--查询指定行数据-->
    <select id="queryAllByLimit" resultMap="UserMap">
        select
        id, username, password, name, employNo, status, createTime, updateTime
        from mail.user
        limit #{offset}, #{limit}
    </select>

    <!--通过实体作为筛选条件查询-->
    <select id="queryAll" resultMap="UserMap">
        select
        id, username, password, name, employNo, status, createTime, updateTime
        from mail.user
        <where>
            <if test="id != null">
                and id = #{id}
            </if>
            <if test="username != null and username != ''">
                and username = #{username}
            </if>
            <if test="password != null and password != ''">
                and password = #{password}
            </if>
            <if test="name != null and name != ''">
                and name = #{name}
            </if>
            <if test="employno != null and employno != ''">
                and employNo = #{employno}
            </if>
            <if test="status != null">
                and status = #{status}
            </if>
            <if test="createtime != null">
                and createTime = #{createtime}
            </if>
            <if test="updatetime != null">
                and updateTime = #{updatetime}
            </if>
        </where>
    </select>

    <!--新增所有列-->
    <insert id="insert" keyProperty="id" useGeneratedKeys="true">
        insert into mail.user(username, password, name, employNo, status, createTime, updateTime)
        values (#{username}, #{password}, #{name}, #{employno}, #{status}, #{createtime}, #{updatetime})
    </insert>

    <!--通过主键修改数据-->
    <update id="update">
        update mail.user
        <set>
            <if test="username != null and username != ''">
                username = #{username},
            </if>
            <if test="password != null and password != ''">
                password = #{password},
            </if>
            <if test="name != null and name != ''">
                name = #{name},
            </if>
            <if test="employno != null and employno != ''">
                employNo = #{employno},
            </if>
            <if test="status != null">
                status = #{status},
            </if>
            <if test="createtime != null">
                createTime = #{createtime},
            </if>
            <if test="updatetime != null">
                updateTime = #{updatetime},
            </if>
        </set>
        where id = #{id}
    </update>

    <!--通过主键删除-->
    <delete id="deleteById">
        delete from mail.user where id = #{id}
    </delete>

    <select id="queryByUserName" parameterType="string" resultMap="UserMap">
        select * from user where username = #{username}
    </select>

</mapper>